{"cameraMode":{"drawMode":0,"name":"Shaded","section":"Shading Mode"},"sceneLighting":false,"audioPlay":false,"sceneViewState":{"m_AlwaysRefresh":false,"showFog":true,"showSkybox":false,"showFlares":true,"showImageEffects":true,"showParticleSystems":true,"showVisualEffectGraphs":true,"m_FxEnabled":true},"in2DMode":false,"pivot":{"x":0.18897223472595216,"y":0.37443840503692629,"z":0.7037491798400879},"rotation":{"x":-0.11250102519989014,"y":0.8711823225021362,"z":-0.23577801883220673,"w":-0.4156827926635742},"size":1.4230248928070069,"orthographic":false}